Station,Cl,HCO3,SO4,NaK,Ca,Mg
Catalinas Well,13.25710031,1.998263509,9.722725361,19.59638023,2.82449224,1.719810739
Pilas Well,3.187345393,6.234582148,8.702567882,10.64199314,3.857477918,2.468627854
Antennas Well,16.75471826,3.357082695,26.44081629,22.99727367,12.12635361,10.86196256
Huisache Well,8.772251479,3.117291074,10.5138679,15.43288626,2.48515395,3.414935199
Mary Kay Well,8.067086569,3.756735397,6.95372649,13.6308133,1.611856879,2.221765069
